_key,nameWithOwner,stargazerCount,forkCount,primaryLanguage/name,createdAt,pushedAt,diskUsage,issues/totalCount,pullRequests/totalCount
EbookFoundation/free-programming-books,EbookFoundation/free-programming-books,371735,64613,Python,2013-10-11T06:50:37Z,2025-10-07T01:20:54Z,20180,1209,10799
public-apis/public-apis,public-apis/public-apis,367631,38691,Python,2016-03-20T23:49:42Z,2025-05-20T15:56:34Z,4771,739,3622
donnemartin/system-design-primer,donnemartin/system-design-primer,322143,52587,Python,2017-02-26T16:15:28Z,2025-05-21T11:13:33Z,11239,344,605
vinta/awesome-python,vinta/awesome-python,263009,26391,Python,2014-06-27T21:00:06Z,2025-10-02T18:31:44Z,6842,0,2079
TheAlgorithms/Python,TheAlgorithms/Python,210094,48466,Python,2016-07-16T09:44:01Z,2025-10-06T18:49:04Z,15570,1620,11046
Significant-Gravitas/AutoGPT,Significant-Gravitas/AutoGPT,178848,46007,Python,2023-03-16T09:21:07Z,2025-10-07T00:40:35Z,288679,3505,6359
AUTOMATIC1111/stable-diffusion-webui,AUTOMATIC1111/stable-diffusion-webui,157105,29154,Python,2022-08-22T14:05:26Z,2025-09-17T16:31:20Z,36444,7835,3266
huggingface/transformers,huggingface/transformers,150693,30660,Python,2018-10-29T13:56:00Z,2025-10-06T17:31:10Z,375039,18017,22786
ytdl-org/youtube-dl,ytdl-org/youtube-dl,138265,10513,Python,2010-10-31T14:35:07Z,2025-09-29T01:15:05Z,65541,26781,4980
521xueweihan/HelloGitHub,521xueweihan/HelloGitHub,130007,10773,Python,2016-05-04T06:24:11Z,2025-09-28T02:00:22Z,8273,2854,53
yt-dlp/yt-dlp,yt-dlp/yt-dlp,129756,10401,Python,2020-10-26T04:22:55Z,2025-10-01T06:53:19Z,57459,10087,4149
langflow-ai/langflow,langflow-ai/langflow,128653,7747,Python,2023-02-08T22:28:03Z,2025-10-07T00:25:32Z,873085,2813,6686
deepseek-ai/DeepSeek-V3,deepseek-ai/DeepSeek-V3,99555,16270,Python,2024-12-26T09:52:40Z,2025-08-28T03:24:37Z,1768,626,159
nvbn/thefuck,nvbn/thefuck,94242,3774,Python,2015-04-08T15:08:04Z,2024-07-19T14:56:13Z,4043,764,716
pytorch/pytorch,pytorch/pytorch,93724,25488,Python,2016-08-13T05:26:41Z,2025-10-07T01:29:32Z,1128569,54144,110200
fastapi/fastapi,fastapi/fastapi,90432,8005,Python,2018-12-08T08:21:47Z,2025-10-06T19:08:45Z,28262,3470,4760
comfyanonymous/ComfyUI,comfyanonymous/ComfyUI,90277,10093,Python,2023-01-17T03:15:56Z,2025-10-06T23:26:52Z,75242,6609,2332
openai/whisper,openai/whisper,89046,11113,Python,2022-09-16T20:02:54Z,2025-09-08T10:58:26Z,12792,0,325
django/django,django/django,85338,33061,Python,2012-04-28T02:47:18Z,2025-10-03T21:12:58Z,274049,0,19855
home-assistant/core,home-assistant/core,81793,35414,Python,2013-09-17T07:29:48Z,2025-10-06T22:46:48Z,750658,63665,89386
3b1b/manim,3b1b/manim,81010,6886,Python,2015-03-22T18:50:58Z,2025-06-14T15:50:43Z,76584,1216,904
microsoft/markitdown,microsoft/markitdown,80565,4456,Python,2024-11-13T19:56:40Z,2025-09-08T15:37:34Z,3272,339,322
bregman-arie/devops-exercises,bregman-arie/devops-exercises,79201,17890,Python,2019-10-03T17:31:21Z,2025-09-27T16:24:47Z,7817,99,414
tensorflow/models,tensorflow/models,77641,45465,Python,2016-02-05T01:15:20Z,2025-10-05T07:35:53Z,658198,7314,3852
fighting41love/funNLP,fighting41love/funNLP,76397,15012,Python,2018-08-21T11:20:39Z,2024-05-10T07:38:24Z,174188,81,30
hacksider/Deep-Live-Cam,hacksider/Deep-Live-Cam,73832,10754,Python,2023-09-24T13:19:31Z,2025-08-29T06:44:46Z,155846,1022,241
d2l-ai/d2l-zh,d2l-ai/d2l-zh,72848,11911,Python,2017-08-23T04:40:24Z,2024-07-30T09:32:19Z,316965,0,1382
Shubhamsaboo/awesome-llm-apps,Shubhamsaboo/awesome-llm-apps,71303,9160,Python,2024-04-29T05:30:25Z,2025-10-06T04:48:00Z,192030,88,232
abi/screenshot-to-code,abi/screenshot-to-code,70942,8793,Python,2023-11-14T17:53:32Z,2025-07-27T20:51:24Z,3626,384,125
browser-use/browser-use,browser-use/browser-use,70878,8322,Python,2024-10-31T16:00:56Z,2025-10-07T00:34:02Z,24260,1194,1835
pallets/flask,pallets/flask,70501,16551,Python,2010-04-06T11:11:59Z,2025-09-20T00:33:34Z,11301,2698,2705
swisskyrepo/PayloadsAllTheThings,swisskyrepo/PayloadsAllTheThings,70523,16029,Python,2016-10-18T07:29:07Z,2025-10-05T16:55:44Z,23592,0,700
josephmisiti/awesome-machine-learning,josephmisiti/awesome-machine-learning,70023,15099,Python,2014-07-15T19:11:19Z,2025-10-06T13:44:20Z,2956,95,956
binary-husky/gpt_academic,binary-husky/gpt_academic,69303,8369,Python,2023-03-20T09:05:13Z,2025-09-20T13:41:26Z,72551,1743,352
sherlock-project/sherlock,sherlock-project/sherlock,69224,8084,Python,2018-12-24T14:30:48Z,2025-10-06T17:39:04Z,18118,1091,1297
python/cpython,python/cpython,69163,33012,Python,2017-02-10T19:23:51Z,2025-10-06T23:34:15Z,736612,73799,64948
Alvin9999/new-pac,Alvin9999/new-pac,69081,10398,Python,2016-03-23T08:43:36Z,2025-10-07T01:00:53Z,11680,1795,5
ansible/ansible,ansible/ansible,66662,24101,Python,2012-03-06T14:58:02Z,2025-10-06T21:45:42Z,261383,33111,52512
xtekky/gpt4free,xtekky/gpt4free,65368,13702,Python,2023-03-29T17:00:43Z,2025-10-06T16:11:53Z,169981,1896,1037
All-Hands-AI/OpenHands,All-Hands-AI/OpenHands,63984,7739,Python,2024-03-13T03:33:31Z,2025-10-06T21:50:09Z,242463,3443,7637
scikit-learn/scikit-learn,scikit-learn/scikit-learn,63576,26300,Python,2010-08-17T09:43:38Z,2025-10-07T00:53:23Z,177669,11750,19532
keras-team/keras,keras-team/keras,63455,19622,Python,2015-03-28T00:35:42Z,2025-10-06T16:19:07Z,48120,12562,8374
labmlai/annotated_deep_learning_paper_implementations,labmlai/annotated_deep_learning_paper_implementations,63428,6414,Python,2020-08-25T02:29:34Z,2025-09-19T10:18:51Z,156412,137,127
localstack/localstack,localstack/localstack,60735,4262,Python,2016-10-25T23:48:03Z,2025-10-06T21:18:42Z,57768,6041,7112
openinterpreter/open-interpreter,openinterpreter/open-interpreter,60594,5196,Python,2023-07-14T07:10:44Z,2025-08-06T17:38:07Z,100546,1025,591
hiyouga/LLaMA-Factory,hiyouga/LLaMA-Factory,59748,7323,Python,2023-05-28T10:09:12Z,2025-10-05T11:04:07Z,11797,7491,985
vllm-project/vllm,vllm-project/vllm,59526,10540,Python,2023-02-09T11:23:20Z,2025-10-07T00:47:29Z,98515,11171,14509
FoundationAgents/MetaGPT,FoundationAgents/MetaGPT,58807,7125,Python,2023-06-30T09:04:55Z,2025-10-04T05:57:57Z,170068,872,973
meta-llama/llama,meta-llama/llama,58788,9807,Python,2023-02-14T09:29:12Z,2025-01-26T21:42:26Z,1150,1101,204
scrapy/scrapy,scrapy/scrapy,58476,11088,Python,2010-02-22T02:01:14Z,2025-10-06T09:43:37Z,28735,3195,3800
commaai/openpilot,commaai/openpilot,58247,10294,Python,2016-11-24T01:33:30Z,2025-10-07T00:24:56Z,944510,3089,15875
CorentinJ/Real-Time-Voice-Cloning,CorentinJ/Real-Time-Voice-Cloning,58028,9313,Python,2019-05-26T08:56:15Z,2025-09-23T07:21:53Z,369680,1103,145
PaddlePaddle/PaddleOCR,PaddlePaddle/PaddleOCR,56647,8809,Python,2020-05-08T10:38:16Z,2025-10-06T18:17:51Z,1594080,10007,3703
zylon-ai/private-gpt,zylon-ai/private-gpt,56615,7577,Python,2023-05-02T09:15:31Z,2024-11-13T19:30:32Z,2778,1219,478
soimort/you-get,soimort/you-get,56451,9803,Python,2012-08-20T15:53:36Z,2025-04-27T15:33:25Z,3533,0,1087
ultralytics/yolov5,ultralytics/yolov5,55561,17220,Python,2020-05-18T03:45:11Z,2025-10-04T12:12:42Z,17260,9435,2866
ageitgey/face_recognition,ageitgey/face_recognition,55530,13683,Python,2017-03-03T21:52:39Z,2024-08-21T06:22:36Z,103959,1372,243
AntonOsika/gpt-engineer,AntonOsika/gpt-engineer,54915,7299,Python,2023-04-29T12:52:15Z,2025-05-14T10:15:10Z,20474,501,620
deepfakes/faceswap,deepfakes/faceswap,54543,13414,Python,2017-12-19T09:44:13Z,2025-09-18T13:22:25Z,203611,884,527
unclecode/crawl4ai,unclecode/crawl4ai,54250,5412,Python,2024-05-09T09:48:50Z,2025-10-06T13:06:59Z,146674,844,320
Textualize/rich,Textualize/rich,53961,1900,Python,2019-11-10T15:28:09Z,2025-08-13T10:52:09Z,50244,1445,1295
Z4nzu/hackingtool,Z4nzu/hackingtool,53686,5815,Python,2020-04-11T09:21:31Z,2025-03-03T15:17:19Z,1367,377,141
psf/requests,psf/requests,53341,9544,Python,2011-02-13T18:38:17Z,2025-09-09T09:00:21Z,13268,4076,2649
OpenBB-finance/OpenBB,OpenBB-finance/OpenBB,52949,5065,Python,2020-12-20T10:46:38Z,2025-10-06T23:36:47Z,2366463,2250,4742
RVC-Boss/GPT-SoVITS,RVC-Boss/GPT-SoVITS,51343,5650,Python,2024-01-14T18:05:21Z,2025-09-10T07:01:05Z,13930,1928,591
Asabeneh/30-Days-Of-Python,Asabeneh/30-Days-Of-Python,50899,9685,Python,2019-11-19T17:24:16Z,2025-10-01T18:29:59Z,29932,137,426
xai-org/grok-1,xai-org/grok-1,50523,8372,Python,2024-03-17T08:53:38Z,2024-08-30T04:17:25Z,1008,0,83
microsoft/autogen,microsoft/autogen,50510,7711,Python,2023-08-18T11:43:45Z,2025-10-04T01:32:52Z,147848,2893,3228
FoundationAgents/OpenManus,FoundationAgents/OpenManus,50142,8786,Python,2025-03-06T14:08:14Z,2025-09-30T21:06:32Z,4425,715,456
charlax/professional-programming,charlax/professional-programming,49339,3899,Python,2015-11-07T05:07:52Z,2025-09-22T01:22:55Z,4914,30,66
minimaxir/big-list-of-naughty-strings,minimaxir/big-list-of-naughty-strings,47441,2160,Python,2015-08-08T20:57:20Z,2024-04-18T03:26:59Z,330,101,163
ultralytics/ultralytics,ultralytics/ultralytics,46929,9080,Python,2022-09-11T16:39:45Z,2025-10-07T01:06:20Z,37682,11850,4950
pandas-dev/pandas,pandas-dev/pandas,46760,19090,Python,2010-08-24T01:37:33Z,2025-10-06T22:13:38Z,374553,27765,34789
lllyasviel/Fooocus,lllyasviel/Fooocus,46731,7522,Python,2023-08-09T18:43:40Z,2025-09-02T20:28:44Z,34156,1626,706
unslothai/unsloth,unslothai/unsloth,46642,3811,Python,2023-11-29T16:50:09Z,2025-10-05T08:09:01Z,7955,2589,715
odoo/odoo,odoo/odoo,46446,29893,Python,2014-05-13T15:38:58Z,2025-10-07T01:10:41Z,12858266,18499,209819
harry0703/MoneyPrinterTurbo,harry0703/MoneyPrinterTurbo,45749,6405,Python,2024-03-11T02:57:34Z,2025-06-11T06:34:54Z,531961,589,175
opendatalab/MinerU,opendatalab/MinerU,45342,3762,Python,2024-02-29T08:52:34Z,2025-09-29T22:31:58Z,135349,1782,1232
oobabooga/text-generation-webui,oobabooga/text-generation-webui,45116,5805,Python,2022-12-21T04:17:37Z,2025-10-06T20:26:11Z,30836,4032,1978
pathwaycom/pathway,pathwaycom/pathway,45276,1388,Python,2022-11-27T13:01:14Z,2025-10-06T05:01:00Z,139326,106,14
karpathy/nanoGPT,karpathy/nanoGPT,44851,7642,Python,2022-12-28T00:51:12Z,2024-12-09T23:53:04Z,953,341,267
run-llama/llama_index,run-llama/llama_index,44605,6421,Python,2022-11-02T04:24:54Z,2025-10-06T23:23:10Z,370682,6711,7965
freqtrade/freqtrade,freqtrade/freqtrade,43373,8807,Python,2017-05-17T23:48:53Z,2025-10-06T17:13:25Z,633208,5398,6861
coqui-ai/TTS,coqui-ai/TTS,42872,5672,Python,2020-05-20T15:45:28Z,2024-08-16T12:07:14Z,170196,1200,767
apache/airflow,apache/airflow,42690,15736,Python,2015-04-13T18:04:58Z,2025-10-06T20:41:33Z,479571,12822,38290
faif/python-patterns,faif/python-patterns,42227,7047,Python,2012-06-06T21:02:35Z,2025-09-05T18:57:41Z,3810,94,349
getsentry/sentry,getsentry/sentry,42148,4465,Python,2010-08-30T22:06:41Z,2025-10-07T00:52:01Z,728786,15919,83649
Stability-AI/stablediffusion,Stability-AI/stablediffusion,41819,5332,Python,2022-11-23T23:59:50Z,2025-06-25T14:18:37Z,75202,324,101
streamlit/streamlit,streamlit/streamlit,41674,3773,Python,2019-08-24T00:14:52Z,2025-10-07T01:16:51Z,749662,5522,7065
virattt/ai-hedge-fund,virattt/ai-hedge-fund,41663,7338,Python,2024-11-29T16:30:01Z,2025-09-30T21:55:53Z,2734,224,217
mingrammer/diagrams,mingrammer/diagrams,41571,2678,Python,2020-02-02T15:23:24Z,2025-10-06T08:02:14Z,61834,533,596
apachecn/ailearning,apachecn/ailearning,41529,11593,Python,2017-02-25T08:53:02Z,2024-11-12T16:21:55Z,171378,115,533
hpcaitech/ColossalAI,hpcaitech/ColossalAI,41196,4532,Python,2021-10-28T16:19:44Z,2025-10-06T17:48:50Z,66460,1729,4400
zai-org/ChatGLM-6B,zai-org/ChatGLM-6B,41123,5209,Python,2023-03-13T12:00:18Z,2024-06-27T04:05:25Z,9362,1309,123
psf/black,psf/black,40997,2633,Python,2018-03-14T19:54:45Z,2025-10-06T21:50:26Z,7535,2736,1987
mem0ai/mem0,mem0ai/mem0,40855,4339,Python,2023-06-20T08:58:36Z,2025-10-06T21:50:33Z,42087,1166,2225
mitmproxy/mitmproxy,mitmproxy/mitmproxy,40742,4317,Python,2010-02-16T04:10:13Z,2025-10-05T11:43:24Z,66909,3583,3270
docling-project/docling,docling-project/docling,40734,2856,Python,2024-07-09T07:50:26Z,2025-10-06T14:53:54Z,150373,1288,717
deepspeedai/DeepSpeed,deepspeedai/DeepSpeed,40315,4575,Python,2020-01-23T18:35:18Z,2025-10-06T22:28:50Z,243033,3220,3479
chubin/cheat.sh,chubin/cheat.sh,40282,1877,Python,2017-05-07T21:40:56Z,2025-08-08T05:15:06Z,4713,260,162
freeCodeCamp/freeCodeCamp,freeCodeCamp/freeCodeCamp,429762,41918,TypeScript,2014-12-24T17:49:19Z,2025-10-06T18:33:52Z,520229,20006,41683
kamranahmedse/developer-roadmap,kamranahmedse/developer-roadmap,339730,43059,TypeScript,2017-03-15T13:45:52Z,2025-10-06T00:12:53Z,352522,2972,5505
vuejs/vue,vuejs/vue,209530,33793,TypeScript,2013-07-29T03:24:51Z,2024-10-10T07:24:15Z,32152,10027,2598
microsoft/vscode,microsoft/vscode,177286,35372,TypeScript,2015-09-03T20:23:38Z,2025-10-07T01:27:41Z,1069153,210912,44161
n8n-io/n8n,n8n-io/n8n,145967,46327,TypeScript,2019-06-22T09:24:21Z,2025-10-06T22:11:16Z,272337,5944,14478
yangshun/tech-interview-handbook,yangshun/tech-interview-handbook,130986,15894,TypeScript,2016-07-05T05:00:48Z,2025-08-27T00:17:33Z,32822,115,571
langgenius/dify,langgenius/dify,115821,17872,TypeScript,2023-04-12T07:40:24Z,2025-10-06T12:27:12Z,131780,13719,9239
excalidraw/excalidraw,excalidraw/excalidraw,108104,11066,TypeScript,2020-01-02T01:04:43Z,2025-10-06T09:50:27Z,96475,4340,5257
microsoft/TypeScript,microsoft/TypeScript,106283,13026,TypeScript,2014-06-17T15:28:39Z,2025-10-06T07:07:15Z,2859957,42606,18774
angular/angular,angular/angular,99022,26660,TypeScript,2014-09-18T16:12:01Z,2025-10-06T19:34:29Z,571823,29672,32697
iptv-org/iptv,iptv-org/iptv,97585,4087,TypeScript,2018-11-14T22:00:57Z,2025-10-07T00:13:13Z,1027231,16410,7582
mui/material-ui,mui/material-ui,96736,32679,TypeScript,2014-08-18T19:11:54Z,2025-10-06T11:10:32Z,698016,20204,25453
ant-design/ant-design,ant-design/ant-design,96279,53707,TypeScript,2015-04-24T15:37:24Z,2025-10-06T19:20:02Z,237515,31762,20462
shadcn-ui/ui,shadcn-ui/ui,96317,6866,TypeScript,2023-01-04T12:43:27Z,2025-10-06T17:09:24Z,37945,3441,2609
puppeteer/puppeteer,puppeteer/puppeteer,92531,9310,TypeScript,2017-05-09T22:16:13Z,2025-10-06T16:02:04Z,1200704,7254,6859
tailwindlabs/tailwindcss,tailwindlabs/tailwindcss,90478,4745,TypeScript,2017-10-06T14:59:14Z,2025-10-06T18:04:42Z,111937,4613,3890
supabase/supabase,supabase/supabase,89639,10089,TypeScript,2019-10-12T05:56:49Z,2025-10-07T01:30:34Z,2143532,4782,16259
storybookjs/storybook,storybookjs/storybook,87892,9701,TypeScript,2016-03-18T04:23:44Z,2025-10-06T14:33:16Z,1057242,13803,14477
ChatGPTNextWeb/NextChat,ChatGPTNextWeb/NextChat,86013,60953,TypeScript,2023-03-10T18:27:54Z,2025-09-29T12:01:08Z,20725,3564,2622
mermaid-js/mermaid,mermaid-js/mermaid,83304,8147,TypeScript,2014-11-01T23:52:32Z,2025-10-06T20:31:59Z,257659,3438,3163
immich-app/immich,immich-app/immich,80250,4213,TypeScript,2022-02-03T15:56:27Z,2025-10-07T01:33:35Z,248875,6823,8884
google-gemini/gemini-cli,google-gemini/gemini-cli,78108,8482,TypeScript,2025-04-17T17:04:31Z,2025-10-07T01:34:42Z,40050,5338,4258
microsoft/playwright,microsoft/playwright,77861,4651,TypeScript,2019-11-15T18:32:42Z,2025-10-06T17:27:30Z,218273,16503,17682
clash-verge-rev/clash-verge-rev,clash-verge-rev/clash-verge-rev,76846,5764,TypeScript,2023-11-21T18:24:03Z,2025-10-07T00:22:39Z,68842,4149,527
vitejs/vite,vitejs/vite,75626,7299,TypeScript,2020-04-21T05:03:57Z,2025-10-06T08:51:43Z,58327,8170,7427
hoppscotch/hoppscotch,hoppscotch/hoppscotch,74859,5256,TypeScript,2019-08-21T13:15:24Z,2025-10-06T11:15:38Z,93594,2096,2863
coder/code-server,coder/code-server,74109,6253,TypeScript,2019-02-27T16:50:41Z,2025-10-03T18:48:01Z,54061,3716,2044
nestjs/nest,nestjs/nest,72931,8040,TypeScript,2017-02-04T20:12:52Z,2025-10-07T00:07:51Z,434781,5687,9675
grafana/grafana,grafana/grafana,70228,13034,TypeScript,2013-12-11T15:59:56Z,2025-10-07T00:37:41Z,1296957,41406,67609
strapi/strapi,strapi/strapi,69838,9032,TypeScript,2015-09-30T15:34:48Z,2025-10-06T16:23:29Z,593983,11343,11872
modelcontextprotocol/servers,modelcontextprotocol/servers,69635,8261,TypeScript,2024-11-19T01:10:17Z,2025-10-05T08:04:55Z,26779,676,2114
apache/superset,apache/superset,68373,15928,TypeScript,2015-07-21T18:55:34Z,2025-10-06T23:28:32Z,809521,11757,19629
Eugeny/tabby,Eugeny/tabby,66498,3717,TypeScript,2016-12-23T09:06:10Z,2025-10-04T09:33:18Z,97725,5824,4019
lobehub/lobe-chat,lobehub/lobe-chat,66471,13771,TypeScript,2023-05-21T07:19:12Z,2025-10-07T00:29:56Z,527716,4621,3686
infiniflow/ragflow,infiniflow/ragflow,65549,6878,TypeScript,2023-12-12T06:13:13Z,2025-10-03T13:11:00Z,88014,5353,4468
apache/echarts,apache/echarts,64739,19777,TypeScript,2013-04-03T03:18:59Z,2025-09-26T09:17:48Z,261243,19161,2045
socketio/socket.io,socketio/socket.io,62463,10140,TypeScript,2010-03-11T18:24:48Z,2025-09-30T09:45:14Z,32471,3626,889
facebook/docusaurus,facebook/docusaurus,62052,9435,TypeScript,2017-06-20T16:13:53Z,2025-09-29T23:36:09Z,872640,3335,6604
firecrawl/firecrawl,firecrawl/firecrawl,61661,4978,TypeScript,2024-04-15T21:02:29Z,2025-10-07T01:18:43Z,68226,729,1456
reduxjs/redux,reduxjs/redux,61346,15190,TypeScript,2015-05-29T23:53:15Z,2025-09-15T15:06:09Z,34051,2065,2590
nuxt/nuxt,nuxt/nuxt,58360,5377,TypeScript,2016-10-26T11:18:47Z,2025-10-06T23:33:37Z,128507,16811,8295
nocodb/nocodb,nocodb/nocodb,58023,4251,TypeScript,2017-10-29T18:51:48Z,2025-10-06T21:02:05Z,1382640,4290,6344
toeverything/AFFiNE,toeverything/AFFiNE,55724,3823,TypeScript,2022-07-31T18:45:21Z,2025-10-06T21:56:26Z,552926,3110,9785
remix-run/react-router,remix-run/react-router,55578,10736,TypeScript,2014-05-16T22:22:51Z,2025-10-06T16:09:19Z,42998,8204,4649
pmndrs/zustand,pmndrs/zustand,55000,1817,TypeScript,2019-04-09T09:10:06Z,2025-09-30T01:26:09Z,7626,691,1017
withastro/astro,withastro/astro,53683,2907,TypeScript,2021-03-15T17:19:47Z,2025-10-06T19:13:24Z,201712,5652,8483
appwrite/appwrite,appwrite/appwrite,52990,4729,TypeScript,2019-04-08T16:36:25Z,2025-10-07T01:17:19Z,362294,4138,5396
ionic-team/ionic-framework,ionic-team/ionic-framework,52081,13426,TypeScript,2013-08-20T23:06:02Z,2025-10-07T00:25:44Z,1521694,22075,8309
vuejs/core,vuejs/core,51763,8900,TypeScript,2018-06-12T13:49:36Z,2025-10-06T21:11:04Z,37494,5822,5641
laurent22/joplin,laurent22/joplin,51634,5528,TypeScript,2017-01-16T21:49:41Z,2025-10-07T01:01:55Z,594066,7399,5922
cline/cline,cline/cline,51080,7311,TypeScript,2024-07-06T07:28:10Z,2025-10-07T01:14:45Z,290217,2529,2984
DefinitelyTyped/DefinitelyTyped,DefinitelyTyped/DefinitelyTyped,50474,30497,TypeScript,2012-10-05T16:39:45Z,2025-10-06T20:58:36Z,772560,8096,62329
cypress-io/cypress,cypress-io/cypress,49311,3353,TypeScript,2015-03-04T00:46:28Z,2025-10-07T00:34:04Z,493821,15153,9260
TanStack/query,TanStack/query,46887,3492,TypeScript,2019-09-10T19:23:58Z,2025-10-06T21:16:49Z,93263,2198,3648
type-challenges/type-challenges,type-challenges/type-challenges,46627,5092,TypeScript,2020-07-23T14:33:11Z,2025-10-06T08:39:39Z,3243,36523,785
lyswhut/lx-music-desktop,lyswhut/lx-music-desktop,46478,6437,TypeScript,2019-08-14T14:31:08Z,2025-10-01T05:30:39Z,76471,2228,168
slab/quill,slab/quill,46240,3575,TypeScript,2012-07-30T23:23:18Z,2025-07-25T06:09:23Z,18429,3788,799
pixijs/pixijs,pixijs/pixijs,45813,4902,TypeScript,2013-01-21T22:40:50Z,2025-10-06T22:04:18Z,117978,6016,4634
jestjs/jest,jestjs/jest,45071,6604,TypeScript,2013-12-10T00:18:04Z,2025-10-03T22:02:20Z,311410,8137,7591
vercel/hyper,vercel/hyper,44386,3539,TypeScript,2016-07-01T06:01:21Z,2024-08-14T03:32:57Z,24532,3813,4147
FlowiseAI/Flowise,FlowiseAI/Flowise,44242,22583,TypeScript,2023-03-31T12:23:09Z,2025-10-06T13:12:21Z,68232,2330,1875
prisma/prisma,prisma/prisma,43956,1881,TypeScript,2019-06-20T13:33:47Z,2025-10-06T18:29:42Z,161947,11476,9307
react-hook-form/react-hook-form,react-hook-form/react-hook-form,43939,2293,TypeScript,2019-03-05T23:47:10Z,2025-10-06T23:59:48Z,30114,4852,2615
expo/expo,expo/expo,43860,9033,TypeScript,2016-08-15T17:14:25Z,2025-10-06T22:46:52Z,3468639,17356,21441
babel/babel,babel/babel,43742,5757,TypeScript,2014-09-28T13:38:23Z,2025-10-03T15:03:59Z,134626,9008,7684
streamich/react-use,streamich/react-use,43616,3264,TypeScript,2018-10-27T10:16:05Z,2025-09-16T05:56:41Z,83868,600,2069
FuelLabs/fuels-ts,FuelLabs/fuels-ts,43571,1371,TypeScript,2021-09-03T18:11:03Z,2025-09-21T19:03:07Z,113828,1456,2447
RocketChat/Rocket.Chat,RocketChat/Rocket.Chat,43548,12203,TypeScript,2015-05-19T07:36:09Z,2025-10-07T00:28:19Z,1900802,16384,19311
tldraw/tldraw,tldraw/tldraw,43301,2782,TypeScript,2021-05-09T11:48:37Z,2025-10-06T21:55:14Z,898439,1785,4384
AykutSarac/jsoncrack.com,AykutSarac/jsoncrack.com,41910,2994,TypeScript,2022-01-30T15:25:18Z,2025-09-27T11:08:09Z,41070,269,172
styled-components/styled-components,styled-components/styled-components,40949,2520,TypeScript,2016-08-16T06:41:32Z,2025-09-30T04:18:07Z,35480,2955,1349
hexojs/hexo,hexojs/hexo,40870,5002,TypeScript,2012-09-23T15:17:08Z,2025-10-05T13:10:13Z,7010,3987,1326
vuetifyjs/vuetify,vuetifyjs/vuetify,40750,7092,TypeScript,2016-09-12T00:39:35Z,2025-10-06T21:47:21Z,97534,15024,6069
OpenCut-app/OpenCut,OpenCut-app/OpenCut,40785,3837,TypeScript,2025-06-22T08:02:17Z,2025-09-30T01:42:01Z,14321,216,389
slidevjs/slidev,slidevjs/slidev,40435,1696,TypeScript,2021-04-24T01:25:23Z,2025-10-06T11:09:16Z,79144,1238,818
colinhacks/zod,colinhacks/zod,40219,1624,TypeScript,2020-03-07T20:59:08Z,2025-10-06T23:50:17Z,22796,2817,1378
upscayl/upscayl,upscayl/upscayl,40105,1871,TypeScript,2022-07-30T17:19:20Z,2025-09-24T19:44:23Z,567455,969,142
chakra-ui/chakra-ui,chakra-ui/chakra-ui,39781,3494,TypeScript,2019-08-17T14:27:54Z,2025-10-06T21:51:08Z,278509,4185,3904
makeplane/plane,makeplane/plane,39139,2742,TypeScript,2022-11-19T12:55:01Z,2025-10-06T18:54:11Z,194215,1370,6357
DIYgod/RSSHub,DIYgod/RSSHub,38985,8572,TypeScript,2018-04-02T14:43:21Z,2025-10-07T01:31:54Z,791176,6154,13804
trpc/trpc,trpc/trpc,38605,1419,TypeScript,2020-07-18T01:17:11Z,2025-10-05T18:25:29Z,53683,1303,4694
calcom/cal.com,calcom/cal.com,38298,10703,TypeScript,2021-03-22T13:47:42Z,2025-10-07T01:34:54Z,1041652,8316,15185
siyuan-note/siyuan,siyuan-note/siyuan,38297,2351,TypeScript,2020-08-30T09:21:35Z,2025-10-06T06:23:57Z,466294,15226,652
fastapi/full-stack-fastapi-template,fastapi/full-stack-fastapi-template,38154,7332,TypeScript,2019-02-23T15:08:34Z,2025-10-06T11:03:39Z,10970,432,946
appsmithorg/appsmith,appsmithorg/appsmith,38112,4264,TypeScript,2020-06-30T04:07:36Z,2025-10-06T23:31:41Z,792509,23608,17502
menloresearch/jan,menloresearch/jan,38096,2289,TypeScript,2023-08-17T02:17:10Z,2025-10-06T15:31:07Z,1465979,3036,3236
novuhq/novu,novuhq/novu,37947,4133,TypeScript,2021-08-26T15:22:44Z,2025-10-06T22:09:29Z,246255,1632,7484
payloadcms/payload,payloadcms/payload,37952,2978,TypeScript,2021-01-05T18:49:45Z,2025-10-06T23:59:14Z,157878,3886,7371
ant-design/ant-design-pro,ant-design/ant-design-pro,37536,8209,TypeScript,2017-08-25T10:40:44Z,2025-10-06T17:09:40Z,21390,9759,1538
Kong/insomnia,Kong/insomnia,37272,2154,TypeScript,2016-04-23T03:54:26Z,2025-10-06T12:35:57Z,138741,3903,4357
NervJS/taro,NervJS/taro,36979,4868,TypeScript,2018-04-08T09:32:26Z,2025-10-03T21:36:11Z,1587160,12710,4758
inkonchain/ink-kit,inkonchain/ink-kit,36823,419,TypeScript,2024-11-04T16:32:17Z,2025-07-23T18:10:56Z,1106,5,110
chatboxai/chatbox,chatboxai/chatbox,36835,3723,TypeScript,2023-03-06T12:22:15Z,2025-09-13T13:01:11Z,31577,2328,173
chatchat-space/Langchain-Chatchat,chatchat-space/Langchain-Chatchat,36182,6036,TypeScript,2023-03-31T12:12:45Z,2025-09-29T06:47:27Z,144210,4192,873
date-fns/date-fns,date-fns/date-fns,36161,1855,TypeScript,2014-10-06T10:24:22Z,2025-09-08T08:25:16Z,24034,2004,1728
lerna/lerna,lerna/lerna,36023,2275,TypeScript,2015-12-04T09:36:55Z,2025-09-23T08:49:08Z,39161,2682,1425
typeorm/typeorm,typeorm/typeorm,35853,6440,TypeScript,2016-02-29T07:41:14Z,2025-10-05T18:48:11Z,31565,8440,3260
twentyhq/twenty,twentyhq/twenty,35728,4258,TypeScript,2022-12-01T13:04:40Z,2025-10-06T21:54:00Z,444831,5459,8737
anthropics/claude-code,anthropics/claude-code,35618,2206,TypeScript,2025-02-22T17:41:21Z,2025-10-06T21:56:43Z,26364,8831,135
facebook/react,facebook/react,239517,49487,JavaScript,2013-05-24T16:15:54Z,2025-10-07T00:28:27Z,1176489,14101,18336
trekhleb/javascript-algorithms,trekhleb/javascript-algorithms,193469,30905,JavaScript,2018-03-24T07:47:04Z,2025-02-12T16:19:59Z,13564,368,794
airbnb/javascript,airbnb/javascript,147565,26791,JavaScript,2012-11-01T23:13:50Z,2025-09-17T18:12:44Z,3723,1376,1665
f/awesome-chatgpt-prompts,f/awesome-chatgpt-prompts,134968,17956,JavaScript,2022-12-05T13:54:13Z,2025-09-29T21:13:12Z,1697,0,726
vercel/next.js,vercel/next.js,134866,29495,JavaScript,2016-10-05T23:32:51Z,2025-10-07T01:32:03Z,2366111,23601,32249
Chalarangelo/30-seconds-of-code,Chalarangelo/30-seconds-of-code,125447,12337,JavaScript,2017-11-29T17:35:03Z,2025-09-22T15:58:39Z,742576,300,1635
nodejs/node,nodejs/node,113602,33361,JavaScript,2014-11-26T19:57:11Z,2025-10-06T23:37:23Z,1347517,19613,38130
open-webui/open-webui,open-webui/open-webui,111722,15425,JavaScript,2023-10-06T22:08:27Z,2025-10-06T23:42:49Z,283405,6603,4576
mrdoob/three.js,mrdoob/three.js,108854,36026,JavaScript,2010-03-23T18:58:01Z,2025-10-06T14:17:50Z,1470177,13262,18536
axios/axios,axios/axios,107859,11282,JavaScript,2014-08-18T22:30:27Z,2025-10-06T10:18:46Z,21197,4882,1939
facebook/create-react-app,facebook/create-react-app,103766,27132,JavaScript,2016-07-17T14:55:11Z,2025-02-15T01:32:11Z,25186,8404,4356
microsoft/Web-Dev-For-Beginners,microsoft/Web-Dev-For-Beginners,92194,14221,JavaScript,2020-11-10T02:44:00Z,2025-10-03T16:53:43Z,1570969,343,995
jaywcjlove/awesome-mac,jaywcjlove/awesome-mac,89321,6781,JavaScript,2016-07-17T15:33:47Z,2025-09-29T18:43:08Z,23515,485,1154
sveltejs/svelte,sveltejs/svelte,84311,4642,JavaScript,2016-11-20T18:13:05Z,2025-10-06T17:50:06Z,116679,8590,7433
anuraghazra/github-readme-stats,anuraghazra/github-readme-stats,76345,26496,JavaScript,2020-07-09T10:34:22Z,2025-10-06T21:13:32Z,6664,1325,2752
FortAwesome/Font-Awesome,FortAwesome/Font-Awesome,75696,12215,JavaScript,2012-02-17T14:19:43Z,2025-10-01T19:16:30Z,142518,19791,707
louislam/uptime-kuma,louislam/uptime-kuma,75709,6715,JavaScript,2021-07-03T01:02:42Z,2025-10-04T10:24:41Z,29926,4213,1883
typicode/json-server,typicode/json-server,75149,7231,JavaScript,2013-11-27T13:21:13Z,2025-09-15T12:28:23Z,4534,1170,423
hakimel/reveal.js,hakimel/reveal.js,69653,16757,JavaScript,2011-06-07T18:54:22Z,2025-09-29T09:25:06Z,28806,2468,1118
expressjs/express,expressjs/express,67899,21057,JavaScript,2009-06-26T18:56:01Z,2025-10-03T12:44:10Z,9632,3997,2175
chartjs/Chart.js,chartjs/Chart.js,66608,11973,JavaScript,2013-03-17T23:56:36Z,2025-09-19T08:46:12Z,43480,7273,3879
leonardomso/33-js-concepts,leonardomso/33-js-concepts,65732,9149,JavaScript,2018-09-04T13:27:04Z,2025-09-17T15:24:43Z,1302,107,480
webpack/webpack,webpack/webpack,65679,9145,JavaScript,2012-03-10T10:08:14Z,2025-10-06T22:24:46Z,73329,10096,7737
juliangarnier/anime,juliangarnier/anime,64735,4335,JavaScript,2016-03-13T21:37:45Z,2025-10-06T13:22:37Z,71874,808,194
resume/resume.github.com,resume/resume.github.com,62641,1360,JavaScript,2011-02-06T13:39:55Z,2023-02-15T06:38:51Z,411,122,184
lodash/lodash,lodash/lodash,61225,7083,JavaScript,2012-04-07T04:11:46Z,2024-12-12T22:27:04Z,49142,4314,1456
atom/atom,atom/atom,60769,17315,JavaScript,2012-01-20T18:18:21Z,2023-01-03T10:49:48Z,330585,17111,5279
adam-p/markdown-here,adam-p/markdown-here,60027,11188,JavaScript,2012-05-13T03:27:22Z,2025-08-22T00:21:50Z,17985,629,91
jquery/jquery,jquery/jquery,59593,20546,JavaScript,2009-04-03T15:20:14Z,2025-10-01T00:02:06Z,34958,2365,3122
angular/angular.js,angular/angular.js,58934,27341,JavaScript,2010-01-06T00:34:37Z,2024-04-12T17:43:16Z,101796,9033,8000
gorhill/uBlock,gorhill/uBlock,58927,3742,JavaScript,2015-04-01T17:51:11Z,2025-10-05T14:41:23Z,160430,3445,413
h5bp/html5-boilerplate,h5bp/html5-boilerplate,57182,12294,JavaScript,2010-01-24T18:03:24Z,2025-10-01T07:08:16Z,22835,1357,1837
jgraph/drawio-desktop,jgraph/drawio-desktop,57104,5440,JavaScript,2017-05-25T20:58:42Z,2025-09-25T14:39:19Z,2757,1652,42
scutan90/DeepLearning-500-questions,scutan90/DeepLearning-500-questions,56660,15974,JavaScript,2018-06-27T06:36:45Z,2024-06-26T12:10:14Z,207074,191,345
gatsbyjs/gatsby,gatsbyjs/gatsby,55932,10275,JavaScript,2015-05-21T22:43:05Z,2025-09-30T19:44:30Z,1141009,14113,22383
azl397985856/leetcode,azl397985856/leetcode,55642,9480,JavaScript,2018-03-30T09:13:51Z,2025-07-16T09:42:17Z,126606,257,315
mozilla/pdf.js,mozilla/pdf.js,52004,10476,JavaScript,2011-04-26T06:32:03Z,2025-10-05T18:24:02Z,169150,10317,9503
marktext/marktext,marktext/marktext,51770,3797,JavaScript,2017-11-12T16:05:25Z,2024-08-18T21:21:46Z,72512,2926,1083
Semantic-Org/Semantic-UI,Semantic-Org/Semantic-UI,51191,4919,JavaScript,2013-04-08T23:32:04Z,2024-11-27T21:01:48Z,113201,6234,882
prettier/prettier,prettier/prettier,51043,4575,JavaScript,2016-11-29T17:13:37Z,2025-10-05T03:28:08Z,156667,6988,10633
TryGhost/Ghost,TryGhost/Ghost,50849,11092,JavaScript,2013-05-04T11:09:13Z,2025-10-06T23:14:34Z,394590,7155,17781
chinese-poetry/chinese-poetry,chinese-poetry/chinese-poetry,50151,10113,JavaScript,2016-09-02T03:32:25Z,2025-04-02T09:42:19Z,242726,212,170
poteto/hiring-without-whiteboards,poteto/hiring-without-whiteboards,49978,3871,JavaScript,2017-03-15T05:09:01Z,2025-07-31T15:11:49Z,3304,0,1483
Mintplex-Labs/anything-llm,Mintplex-Labs/anything-llm,49720,5186,JavaScript,2023-06-04T02:29:14Z,2025-10-06T23:25:18Z,49533,2863,1485
agalwood/Motrix,agalwood/Motrix,49396,4720,JavaScript,2018-12-18T11:45:05Z,2024-07-11T12:09:20Z,69808,1346,283
NARKOZ/hacker-scripts,NARKOZ/hacker-scripts,48708,6635,JavaScript,2015-11-21T19:05:09Z,2023-10-23T21:01:40Z,105,94,146
iamkun/dayjs,iamkun/dayjs,48270,2373,JavaScript,2018-04-10T09:26:44Z,2025-09-26T03:08:28Z,6314,1784,1140
moment/moment,moment/moment,48087,7045,JavaScript,2011-03-01T02:46:06Z,2024-08-14T17:12:19Z,22191,4155,2102
algorithm-visualizer/algorithm-visualizer,algorithm-visualizer/algorithm-visualizer,47843,7450,JavaScript,2016-05-15T00:27:45Z,2024-06-09T06:54:22Z,21182,120,257
serverless/serverless,serverless/serverless,46875,5744,JavaScript,2015-04-21T03:48:40Z,2025-10-03T12:38:55Z,100003,6535,5685
typescript-cheatsheets/react,typescript-cheatsheets/react,46688,4254,JavaScript,2018-06-02T04:08:16Z,2025-08-23T05:09:07Z,3192,221,505
bigskysoftware/htmx,bigskysoftware/htmx,46177,1514,JavaScript,2020-04-13T16:17:51Z,2025-09-24T20:10:17Z,98613,1593,1428
Asabeneh/30-Days-Of-JavaScript,Asabeneh/30-Days-Of-JavaScript,45360,10343,JavaScript,2019-12-23T14:07:40Z,2025-10-01T18:31:37Z,124994,174,665
meteor/meteor,meteor/meteor,44718,5248,JavaScript,2012-01-19T01:58:17Z,2025-10-06T21:24:25Z,140303,9213,4455
google/zx,google/zx,44668,1170,JavaScript,2021-05-05T05:50:01Z,2025-09-26T20:56:26Z,3658,495,714
LeCoupa/awesome-cheatsheets,LeCoupa/awesome-cheatsheets,44428,6601,JavaScript,2017-11-09T02:47:15Z,2024-08-24T21:07:02Z,8957,97,326
microsoft/monaco-editor,microsoft/monaco-editor,44226,3877,JavaScript,2016-06-07T16:56:31Z,2025-10-06T10:36:10Z,136380,3862,692
parcel-bundler/parcel,parcel-bundler/parcel,43970,2268,JavaScript,2017-08-07T16:36:47Z,2025-09-18T19:44:20Z,60920,5495,3381
Leaflet/Leaflet,Leaflet/Leaflet,43716,6012,JavaScript,2010-09-22T16:57:44Z,2025-10-06T14:18:52Z,59327,5300,4402
GitSquared/edex-ui,GitSquared/edex-ui,43402,2860,JavaScript,2017-01-28T09:35:02Z,2021-10-19T22:38:47Z,31579,559,475
sudheerj/reactjs-interview-questions,sudheerj/reactjs-interview-questions,43139,10095,JavaScript,2018-05-31T17:17:01Z,2025-10-01T11:08:37Z,4236,110,253
NaiboWang/EasySpider,NaiboWang/EasySpider,42763,5247,JavaScript,2020-07-18T02:41:27Z,2025-08-23T09:58:05Z,146937,727,73
Unitech/pm2,Unitech/pm2,42565,2661,JavaScript,2013-05-21T03:25:25Z,2025-09-26T12:42:38Z,13613,5093,921
yarnpkg/yarn,yarnpkg/yarn,41549,2730,JavaScript,2016-01-19T17:39:16Z,2025-10-03T21:03:10Z,119839,6609,2372
nolimits4web/swiper,nolimits4web/swiper,41455,9732,JavaScript,2012-03-14T19:11:45Z,2025-10-02T20:06:16Z,84030,5776,891
nwjs/nw.js,nwjs/nw.js,41336,3881,JavaScript,2012-01-04T06:21:10Z,2025-10-05T13:34:06Z,134040,7409,844
dcloudio/uni-app,dcloudio/uni-app,41133,3706,JavaScript,2018-07-12T08:52:39Z,2025-09-30T09:32:42Z,6982521,4970,705
remoteintech/remote-jobs,remoteintech/remote-jobs,39204,3829,JavaScript,2015-10-13T03:49:25Z,2025-10-05T09:02:33Z,4233,197,1762
videojs/video.js,videojs/video.js,39138,7513,JavaScript,2010-05-14T18:45:10Z,2025-10-06T22:14:00Z,128084,5393,3242
Dogfalo/materialize,Dogfalo/materialize,39113,4690,JavaScript,2014-09-12T19:35:38Z,2025-08-10T02:17:57Z,165461,5217,1445
phaserjs/phaser,phaserjs/phaser,38465,7122,JavaScript,2013-04-12T12:27:51Z,2025-08-22T15:37:44Z,458069,4565,2454
impress/impress.js,impress/impress.js,38328,6636,JavaScript,2011-12-28T22:23:19Z,2025-10-01T16:18:41Z,4460,483,394
goabstract/Awesome-Design-Tools,goabstract/Awesome-Design-Tools,38131,2160,JavaScript,2019-02-12T13:55:30Z,2024-07-28T19:57:31Z,19220,45,396
preactjs/preact,preactjs/preact,38022,2018,JavaScript,2015-09-11T02:40:18Z,2025-09-29T14:45:04Z,18250,1904,2686
usebruno/bruno,usebruno/bruno,37342,1880,JavaScript,2022-09-27T20:51:45Z,2025-10-06T17:46:19Z,25345,3217,2114
naptha/tesseract.js,naptha/tesseract.js,37318,2343,JavaScript,2015-06-24T02:49:52Z,2025-08-28T05:40:49Z,109209,729,271
denysdovhan/wtfjs,denysdovhan/wtfjs,37285,2664,JavaScript,2017-07-14T15:42:12Z,2025-03-18T13:55:28Z,1501,117,195
ToolJet/ToolJet,ToolJet/ToolJet,36702,4806,JavaScript,2021-03-30T08:51:34Z,2025-10-06T18:32:03Z,1468041,5045,8986
HeyPuter/puter,HeyPuter/puter,36688,3074,JavaScript,2024-03-03T01:44:32Z,2025-10-07T01:30:05Z,26596,782,857
markedjs/marked,markedjs/marked,35789,3482,JavaScript,2011-07-24T13:15:51Z,2025-10-06T15:19:42Z,10790,1614,2023
carbon-app/carbon,carbon-app/carbon,35732,1964,JavaScript,2017-06-16T02:50:28Z,2025-09-30T04:10:39Z,20694,687,842
koajs/koa,koajs/koa,35659,3224,JavaScript,2013-07-20T18:53:45Z,2025-09-19T22:52:17Z,3877,927,902
alvarotrigo/fullPage.js,alvarotrigo/fullPage.js,35474,7232,JavaScript,2013-09-20T11:58:29Z,2025-10-01T17:40:29Z,16895,4135,537
jondot/awesome-react-native,jondot/awesome-react-native,35402,4022,JavaScript,2015-03-26T19:58:06Z,2024-07-05T13:12:41Z,5250,73,1075
sahat/hackathon-starter,sahat/hackathon-starter,35113,8187,JavaScript,2013-11-13T17:24:12Z,2025-10-07T00:06:41Z,14692,699,710
fastify/fastify,fastify/fastify,34722,2495,JavaScript,2016-09-28T19:10:14Z,2025-10-06T09:27:02Z,9248,2107,3821
typicode/husky,typicode/husky,34217,1074,JavaScript,2014-06-23T12:14:21Z,2024-11-26T00:20:16Z,4438,1091,461
zenorocha/clipboard.js,zenorocha/clipboard.js,34173,3945,JavaScript,2015-09-18T23:04:55Z,2025-08-06T18:47:39Z,3006,629,231
atlassian/react-beautiful-dnd,atlassian/react-beautiful-dnd,34047,2726,JavaScript,2017-08-09T03:37:15Z,2025-08-18T04:35:31Z,14804,1617,978
TheAlgorithms/JavaScript,TheAlgorithms/JavaScript,33775,5773,JavaScript,2017-07-13T06:12:33Z,2025-09-04T04:02:04Z,3013,218,1577
danielmiessler/Fabric,danielmiessler/Fabric,33737,3445,JavaScript,2024-01-03T23:18:31Z,2025-10-06T00:03:41Z,218019,760,665
ryanhanwu/How-To-Ask-Questions-The-Smart-Way,ryanhanwu/How-To-Ask-Questions-The-Smart-Way,33608,5734,JavaScript,2015-03-28T16:52:40Z,2025-01-01T19:14:38Z,380,29,109
qishibo/AnotherRedisDesktopManager,qishibo/AnotherRedisDesktopManager,33207,2674,JavaScript,2019-01-08T06:01:56Z,2025-06-18T14:50:05Z,5526,1071,227
adobe/brackets,adobe/brackets,33139,7567,JavaScript,2011-12-07T21:14:40Z,2022-06-12T08:19:24Z,92974,9683,5602
gulpjs/gulp,gulpjs/gulp,33049,4205,JavaScript,2013-07-04T05:26:06Z,2025-06-01T21:52:54Z,1125,1937,685
drawdb-io/drawdb,drawdb-io/drawdb,33004,2480,JavaScript,2023-07-16T17:09:20Z,2025-10-06T20:08:27Z,5960,264,337
gchq/CyberChef,gchq/CyberChef,32723,3685,JavaScript,2016-11-28T10:34:07Z,2025-08-06T08:54:32Z,124268,1072,846
upstash/context7,upstash/context7,32750,1635,JavaScript,2025-03-26T23:40:39Z,2025-10-06T18:18:52Z,4700,571,176
pcottle/learnGitBranching,pcottle/learnGitBranching,32545,5905,JavaScript,2012-08-13T22:36:09Z,2025-10-06T11:56:35Z,56894,522,722
avelino/awesome-go,avelino/awesome-go,154064,12624,Go,2014-07-06T13:42:15Z,2025-10-06T09:49:25Z,10518,699,4953
ollama/ollama,ollama/ollama,153631,13337,Go,2023-06-26T19:39:32Z,2025-10-07T01:31:17Z,50539,8325,3937
golang/go,golang/go,130154,18427,Go,2014-08-19T04:33:40Z,2025-10-07T00:35:22Z,412819,68523,4663
kubernetes/kubernetes,kubernetes/kubernetes,117842,41477,Go,2014-06-06T22:56:04Z,2025-10-06T22:42:59Z,1413833,47897,85965
fatedier/frp,fatedier/frp,99323,14509,Go,2015-12-21T15:24:59Z,2025-09-26T04:26:08Z,30513,3949,1015
gin-gonic/gin,gin-gonic/gin,86269,8440,Go,2014-06-16T23:57:25Z,2025-10-06T22:13:55Z,3832,2357,1987
gohugoio/hugo,gohugoio/hugo,84002,8046,Go,2013-07-04T15:26:26Z,2025-10-05T17:06:46Z,132047,7834,5967
syncthing/syncthing,syncthing/syncthing,76608,4789,Go,2013-11-26T09:48:21Z,2025-10-07T01:29:45Z,123884,5753,4590
junegunn/fzf,junegunn/fzf,74208,2587,Go,2013-10-23T16:04:23Z,2025-10-05T00:02:16Z,7598,3031,1080
moby/moby,moby/moby,70872,18822,Go,2013-01-18T18:10:57Z,2025-10-07T00:09:38Z,288719,23195,27189
base/node,base/node,68554,2825,Go,2023-02-01T13:55:02Z,2025-10-04T13:07:15Z,2792,249,303
caddyserver/caddy,caddyserver/caddy,67120,4499,Go,2015-01-13T19:45:03Z,2025-10-06T23:43:28Z,19999,4371,2670
nektos/act,nektos/act,66159,1753,Go,2019-01-02T19:53:43Z,2025-10-01T11:37:46Z,10378,1293,1315
jesseduffield/lazygit,jesseduffield/lazygit,65524,2272,Go,2018-05-19T00:53:06Z,2025-10-06T15:51:11Z,150936,2336,2095
prometheus/prometheus,prometheus/prometheus,60680,9839,Go,2012-11-24T11:14:12Z,2025-10-06T19:44:38Z,260836,6225,10402
traefik/traefik,traefik/traefik,57002,5510,Go,2015-09-13T19:04:02Z,2025-10-06T14:42:08Z,150513,6394,5647
FiloSottile/mkcert,FiloSottile/mkcert,56748,2984,Go,2018-06-25T05:33:03Z,2024-08-13T13:37:46Z,1799,347,175
minio/minio,minio/minio,55572,6197,Go,2015-01-14T19:23:58Z,2025-10-01T06:06:01Z,136443,7842,11132
rclone/rclone,rclone/rclone,52823,4708,Go,2014-03-16T16:19:57Z,2025-10-06T15:55:48Z,215419,5837,2957
wagoodman/dive,wagoodman/dive,52193,1915,Go,2018-05-13T15:44:01Z,2025-10-06T17:02:36Z,6952,364,282
pocketbase/pocketbase,pocketbase/pocketbase,51428,2695,Go,2022-07-05T06:06:21Z,2025-10-03T06:49:01Z,111369,1860,293
go-gitea/gitea,go-gitea/gitea,51006,6102,Go,2016-11-01T02:13:26Z,2025-10-06T22:28:17Z,315109,15006,20321
etcd-io/etcd,etcd-io/etcd,50507,10195,Go,2013-07-06T21:57:21Z,2025-10-06T19:05:19Z,92656,7047,13170
ethereum/go-ethereum,ethereum/go-ethereum,49964,21361,Go,2013-12-26T13:05:46Z,2025-10-06T16:19:25Z,229653,8528,12488
AlistGo/alist,AlistGo/alist,48394,8006,Go,2020-12-23T17:40:29Z,2025-09-30T06:19:16Z,5925,4374,1104
gogs/gogs,gogs/gogs,47047,5054,Go,2014-02-12T01:57:08Z,2025-10-03T03:10:08Z,208921,5161,2411
hashicorp/terraform,hashicorp/terraform,46713,10053,Go,2014-03-13T22:25:48Z,2025-10-06T21:24:10Z,345551,21486,15782
v2ray/v2ray-core,v2ray/v2ray-core,46527,8901,Go,2015-09-04T11:42:53Z,2025-10-06T03:01:00Z,55142,2591,631
jesseduffield/lazydocker,jesseduffield/lazydocker,46512,1463,Go,2019-05-18T08:53:50Z,2025-09-06T07:11:19Z,29078,369,284
usememos/memos,usememos/memos,44759,3206,Go,2021-12-08T15:30:18Z,2025-10-06T16:19:32Z,38023,2526,2107
astaxie/build-web-application-with-golang,astaxie/build-web-application-with-golang,43981,10580,Go,2012-08-02T11:49:35Z,2024-05-12T00:47:46Z,38293,304,899
coreybutler/nvm-windows,coreybutler/nvm-windows,43085,3624,Go,2014-09-20T16:37:28Z,2025-10-06T12:58:49Z,33310,934,202
spf13/cobra,spf13/cobra,42086,3009,Go,2013-09-03T20:40:26Z,2025-09-30T17:56:35Z,1954,1218,1084
cli/cli,cli/cli,40941,7198,Go,2019-10-03T15:24:53Z,2025-10-03T18:25:57Z,49919,5282,3577
evanw/esbuild,evanw/esbuild,39344,1240,Go,2016-06-14T16:08:50Z,2025-10-05T02:04:39Z,20230,3778,469
pingcap/tidb,pingcap/tidb,39137,6024,Go,2015-09-06T04:01:52Z,2025-10-06T21:18:09Z,571313,21521,42173
go-gorm/gorm,go-gorm/gorm,38940,4107,Go,2013-10-25T08:31:38Z,2025-09-20T00:52:02Z,4684,6027,1440
photoprism/photoprism,photoprism/photoprism,38504,2156,Go,2018-01-27T12:00:15Z,2025-10-06T17:08:11Z,301886,2406,1012
gofiber/fiber,gofiber/fiber,38047,1881,Go,2020-01-16T03:59:20Z,2025-10-06T13:17:22Z,232501,1583,2156
milvus-io/milvus,milvus-io/milvus,37793,3454,Go,2019-09-16T06:43:43Z,2025-10-02T07:31:22Z,246196,14263,26842
istio/istio,istio/istio,37484,8086,Go,2016-11-18T23:57:21Z,2025-10-06T19:04:17Z,286774,21285,35464
docker/compose,docker/compose,36241,5522,Go,2013-12-09T11:40:58Z,2025-10-06T12:50:20Z,27107,8147,4903
mudler/LocalAI,mudler/LocalAI,35668,2814,Go,2023-03-18T22:58:02Z,2025-10-06T22:06:07Z,29179,1118,4923
charmbracelet/bubbletea,charmbracelet/bubbletea,35530,1000,Go,2020-01-10T21:04:03Z,2025-10-06T09:08:21Z,5801,378,881
unknwon/the-way-to-go_ZH_CN,unknwon/the-way-to-go_ZH_CN,35047,8585,Go,2013-03-24T17:18:38Z,2024-08-14T07:04:25Z,12602,0,710
halfrost/LeetCode-Go,halfrost/LeetCode-Go,33700,5767,Go,2017-07-18T00:06:14Z,2024-12-11T05:55:51Z,19315,81,206
ehang-io/nps,ehang-io/nps,33473,6008,Go,2018-11-04T13:22:51Z,2024-05-30T03:51:08Z,9168,1200,109
harness/harness,harness/harness,33445,2868,Go,2014-02-07T07:54:44Z,2025-10-06T11:27:48Z,55613,2009,1534
hashicorp/vault,hashicorp/vault,33246,4452,Go,2015-02-25T00:15:59Z,2025-10-06T23:09:22Z,392436,6406,24995
beego/beego,beego/beego,32286,5626,Go,2012-02-29T02:32:08Z,2025-10-04T11:24:51Z,11990,3378,2294
v2fly/v2ray-core,v2fly/v2ray-core,32185,4883,Go,2019-04-15T10:05:54Z,2025-10-06T22:01:34Z,68828,1054,1396
IceWhaleTech/CasaOS,IceWhaleTech/CasaOS,31951,1765,Go,2021-09-26T02:33:09Z,2025-08-06T08:54:04Z,182856,1580,295
zeromicro/go-zero,zeromicro/go-zero,31885,4211,Go,2020-08-07T15:37:57Z,2025-10-06T14:24:44Z,32399,1898,3227
labstack/echo,labstack/echo,31649,2290,Go,2015-03-01T17:43:01Z,2025-09-26T08:48:13Z,6403,1469,1046
1Panel-dev/1Panel,1Panel-dev/1Panel,31546,2780,Go,2022-07-19T15:44:52Z,2025-10-02T12:33:20Z,90999,5608,4134
XTLS/Xray-core,XTLS/Xray-core,31543,4597,Go,2020-11-09T11:23:10Z,2025-10-07T00:04:11Z,7101,2607,1482
juanfont/headscale,juanfont/headscale,31514,1686,Go,2020-06-21T09:21:05Z,2025-10-05T00:24:18Z,18655,1108,1677
filebrowser/filebrowser,filebrowser/filebrowser,31440,3522,Go,2015-09-11T21:21:58Z,2025-10-03T08:42:24Z,22678,2775,996
derailed/k9s,derailed/k9s,31378,1975,Go,2019-01-25T18:46:02Z,2025-10-06T23:58:48Z,66669,2179,1425
cockroachdb/cockroach,cockroachdb/cockroach,31345,3980,Go,2014-02-06T00:18:47Z,2025-10-07T01:34:27Z,3370916,77016,77676
schollz/croc,schollz/croc,31239,1240,Go,2017-10-17T15:20:18Z,2025-09-30T14:18:11Z,25109,545,400
kubernetes/minikube,kubernetes/minikube,31009,5078,Go,2016-04-15T22:38:35Z,2025-10-06T20:58:18Z,242018,10215,11444
k3s-io/k3s,k3s-io/k3s,30964,2525,Go,2018-05-31T01:37:46Z,2025-10-06T09:06:24Z,587870,7096,4727
iawia002/lux,iawia002/lux,30489,3208,Go,2018-02-24T11:29:03Z,2025-09-15T07:23:05Z,2546,1061,347
AdguardTeam/AdGuardHome,AdguardTeam/AdGuardHome,30350,2140,Go,2016-07-06T10:31:47Z,2025-10-06T15:32:32Z,23528,5796,503
wailsapp/wails,wailsapp/wails,30309,1479,Go,2018-12-15T23:14:06Z,2025-10-06T02:35:00Z,215870,2187,1845
restic/restic,restic/restic,30254,1652,Go,2014-04-27T14:07:58Z,2025-10-05T13:38:52Z,69853,2840,2697
hashicorp/consul,hashicorp/consul,29364,4522,Go,2013-11-04T22:15:27Z,2025-10-06T18:52:45Z,477470,5552,16992
spf13/viper,spf13/viper,29365,2075,Go,2014-04-02T14:33:33Z,2025-10-02T20:28:31Z,1590,910,980
aquasecurity/trivy,aquasecurity/trivy,29317,2763,Go,2019-04-11T01:01:07Z,2025-10-06T18:36:37Z,920025,2942,4072
containers/podman,containers/podman,29092,2811,Go,2017-11-01T15:01:27Z,2025-10-06T18:00:40Z,164440,10152,14902
grafana/k6,grafana/k6,28891,1421,Go,2016-03-21T15:30:24Z,2025-10-06T18:41:47Z,68242,2438,2706
helm/helm,helm/helm,28638,7343,Go,2015-10-06T01:07:32Z,2025-10-06T21:17:22Z,25491,8197,6183
glanceapp/glance,glanceapp/glance,28485,1071,Go,2024-04-27T18:55:38Z,2025-09-28T11:40:38Z,18755,438,242
go-kit/kit,go-kit/kit,27425,2453,Go,2015-02-03T00:01:19Z,2024-07-19T01:40:06Z,7390,568,666
fyne-io/fyne,fyne-io/fyne,27245,1482,Go,2018-02-04T22:07:16Z,2025-10-06T09:26:22Z,114785,3152,2493
SagerNet/sing-box,SagerNet/sing-box,27030,3151,Go,2022-06-30T13:27:22Z,2025-10-05T10:47:52Z,15221,2693,500
zyedidia/micro,zyedidia/micro,26988,1245,Go,2016-03-11T02:06:28Z,2025-10-07T00:24:25Z,13770,2456,1191
tmrts/go-patterns,tmrts/go-patterns,26924,2315,Go,2015-12-14T22:05:06Z,2024-05-14T01:07:28Z,927,31,96
grafana/loki,grafana/loki,26662,3809,Go,2018-04-16T09:22:48Z,2025-10-06T18:26:38Z,422390,5523,13821
opentofu/opentofu,opentofu/opentofu,26659,1093,Go,2023-08-16T20:01:36Z,2025-10-07T01:03:30Z,281032,1387,1804
goharbor/harbor,goharbor/harbor,26578,4977,Go,2016-01-28T21:10:28Z,2025-10-06T11:53:05Z,239086,11999,9873
binwiederhier/ntfy,binwiederhier/ntfy,26497,1065,Go,2021-10-23T19:25:32Z,2025-09-25T00:46:30Z,37207,1029,409
Wox-launcher/Wox,Wox-launcher/Wox,26172,2419,Go,2013-12-19T15:49:32Z,2025-10-02T15:00:05Z,176747,3707,524
seaweedfs/seaweedfs,seaweedfs/seaweedfs,25970,2474,Go,2014-07-14T16:41:37Z,2025-10-07T01:08:29Z,194377,3184,3296
openfaas/faas,openfaas/faas,25902,1969,Go,2016-12-22T12:51:39Z,2025-08-29T14:24:04Z,30230,852,931
nsqio/nsq,nsqio/nsq,25725,2910,Go,2012-05-12T14:37:08Z,2025-07-13T16:14:09Z,14304,661,834
yeasy/docker_practice,yeasy/docker_practice,25605,5773,Go,2014-09-05T04:06:39Z,2024-12-26T03:49:09Z,11901,215,330
kataras/iris,kataras/iris,25593,2474,Go,2016-01-30T04:36:48Z,2025-10-01T04:02:28Z,18242,1008,786
sirupsen/logrus,sirupsen/logrus,25502,2279,Go,2013-10-16T19:08:55Z,2025-08-04T14:33:00Z,1046,711,757
authelia/authelia,authelia/authelia,25435,1281,Go,2016-12-07T00:56:57Z,2025-10-07T00:29:00Z,67039,1384,8231
stretchr/testify,stretchr/testify,25261,1677,Go,2012-10-16T16:43:17Z,2025-09-19T11:53:55Z,1907,834,927
dapr/dapr,dapr/dapr,25167,2010,Go,2019-06-19T00:49:06Z,2025-10-06T16:17:57Z,129451,3937,4885
tailscale/tailscale,tailscale/tailscale,25184,2020,Go,2020-01-31T22:00:03Z,2025-10-06T23:57:48Z,67396,9076,8340
cloudreve/cloudreve,cloudreve/cloudreve,25090,3687,Go,2018-02-04T04:56:38Z,2025-09-30T03:51:57Z,9410,2388,234
projectdiscovery/nuclei,projectdiscovery/nuclei,24988,2902,Go,2020-04-03T18:47:11Z,2025-10-06T22:09:46Z,41315,2705,2956
go-kratos/kratos,go-kratos/kratos,24948,4117,Go,2019-01-10T10:42:31Z,2025-10-01T18:01:37Z,9348,1234,2454
abiosoft/colima,abiosoft/colima,24899,490,Go,2021-09-04T09:52:22Z,2025-10-03T05:59:34Z,3123,832,422
rancher/rancher,rancher/rancher,24748,3104,Go,2014-11-07T20:49:31Z,2025-10-06T23:41:59Z,169177,36031,15380
gocolly/colly,gocolly/colly,24710,1833,Go,2017-09-29T14:08:49Z,2025-09-30T13:59:09Z,8620,561,297
Snailclimb/JavaGuide,Snailclimb/JavaGuide,152005,46003,Java,2018-05-07T13:27:00Z,2025-09-18T12:54:58Z,177612,1111,1499
krahets/hello-algo,krahets/hello-algo,117486,14466,Java,2022-11-04T11:08:34Z,2025-10-05T07:35:47Z,367731,274,1207
GrowingGit/GitHub-Chinese-Top-Charts,GrowingGit/GitHub-Chinese-Top-Charts,102890,13329,Java,2019-09-05T03:01:56Z,2024-10-12T06:51:36Z,123199,340,25
iluwatar/java-design-patterns,iluwatar/java-design-patterns,92902,27229,Java,2014-08-09T16:45:18Z,2025-10-06T22:02:54Z,46742,960,2338
macrozheng/mall,macrozheng/mall,81751,29481,Java,2018-04-04T01:11:44Z,2025-09-28T01:17:25Z,58711,498,136
spring-projects/spring-boot,spring-projects/spring-boot,78610,41543,Java,2012-10-19T15:02:57Z,2025-10-06T22:09:47Z,205434,39683,7129
doocs/advanced-java,doocs/advanced-java,78322,19264,Java,2018-10-06T11:38:30Z,2025-09-24T00:15:09Z,26592,147,132
MisterBooo/LeetCodeAnimation,MisterBooo/LeetCodeAnimation,76471,14020,Java,2018-12-06T08:01:22Z,2023-08-14T12:14:01Z,509807,62,77
elastic/elasticsearch,elastic/elasticsearch,74948,25534,Java,2010-02-08T13:20:56Z,2025-10-07T01:33:44Z,1485233,41245,94421
Stirling-Tools/Stirling-PDF,Stirling-Tools/Stirling-PDF,68334,5785,Java,2023-01-27T18:22:42Z,2025-10-06T22:15:09Z,107257,1432,2961
kdn251/interviews,kdn251/interviews,64515,12944,Java,2017-02-14T18:19:25Z,2025-05-12T12:56:04Z,24462,57,178
TheAlgorithms/Java,TheAlgorithms/Java,63783,20427,Java,2016-07-16T10:21:02Z,2025-10-06T22:05:26Z,6567,1127,5261
NationalSecurityAgency/ghidra,NationalSecurityAgency/ghidra,61047,6789,Java,2019-03-01T03:27:48Z,2025-10-06T10:14:30Z,392857,5587,1548
spring-projects/spring-framework,spring-projects/spring-framework,58953,38749,Java,2010-12-08T04:04:45Z,2025-10-06T14:54:08Z,234762,27261,5422
google/guava,google/guava,51175,11075,Java,2014-05-29T16:23:17Z,2025-10-07T01:18:28Z,570980,3627,3002
ReactiveX/RxJava,ReactiveX/RxJava,48408,7606,Java,2013-01-08T20:11:48Z,2025-10-06T11:20:56Z,146159,3174,4053
skylot/jadx,skylot/jadx,45691,5287,Java,2013-03-18T17:08:21Z,2025-10-06T21:29:25Z,24584,1943,674
termux/termux-app,termux/termux-app,45681,5223,Java,2015-10-23T09:42:46Z,2025-10-01T19:05:31Z,4971,2952,508
dbeaver/dbeaver,dbeaver/dbeaver,45664,3867,Java,2015-10-21T08:26:28Z,2025-10-06T15:43:45Z,200907,19511,7170
jeecgboot/JeecgBoot,jeecgboot/JeecgBoot,44018,15582,Java,2018-11-26T10:40:00Z,2025-09-30T07:43:34Z,82143,7740,397
apache/dubbo,apache/dubbo,41480,26532,Java,2012-06-19T07:56:02Z,2025-10-06T07:09:34Z,60596,7292,8073
PhilJay/MPAndroidChart,PhilJay/MPAndroidChart,38113,9054,Java,2014-04-25T14:29:47Z,2025-06-05T07:06:39Z,21593,4965,511
eugenp/tutorials,eugenp/tutorials,37278,54077,Java,2013-04-29T18:26:36Z,2025-10-06T00:37:43Z,115220,789,18050
halo-dev/halo,halo-dev/halo,37043,10098,Java,2018-03-21T12:56:52Z,2025-10-03T17:04:28Z,78757,4353,2899
alibaba/arthas,alibaba/arthas,36762,7595,Java,2018-08-29T17:15:57Z,2025-09-23T08:29:00Z,57493,2099,875
geekxh/hello-algorithm,geekxh/hello-algorithm,35816,6467,Java,2020-05-29T05:47:09Z,2023-06-13T04:13:17Z,365053,44,31
airbnb/lottie-android,airbnb/lottie-android,35484,5445,Java,2016-10-06T22:42:42Z,2025-10-02T22:17:05Z,137285,1781,826
TeamNewPipe/NewPipe,TeamNewPipe/NewPipe,35280,3268,Java,2015-09-03T23:39:26Z,2025-10-07T01:14:59Z,82367,9717,2312
doocs/leetcode,doocs/leetcode,35010,9133,Java,2018-09-16T14:03:03Z,2025-10-07T01:07:43Z,713192,56,4439
bumptech/glide,bumptech/glide,34962,6174,Java,2013-07-08T22:52:33Z,2025-09-24T21:55:17Z,97777,4503,1051
netty/netty,netty/netty,34484,16175,Java,2010-11-09T09:22:21Z,2025-10-02T18:43:17Z,101982,6748,8729
xkcoding/spring-boot-demo,xkcoding/spring-boot-demo,33938,10994,Java,2017-11-10T06:27:29Z,2024-07-24T02:02:52Z,14194,173,93
Blankj/AndroidUtilCode,Blankj/AndroidUtilCode,33653,10704,Java,2016-07-30T18:18:32Z,2024-08-15T10:38:10Z,47329,1590,220
alibaba/easyexcel,alibaba/easyexcel,33648,7643,Java,2018-02-06T03:14:08Z,2024-10-29T06:07:07Z,26334,3620,461
zxing/zxing,zxing/zxing,33610,9420,Java,2011-10-12T14:07:27Z,2025-10-06T06:02:22Z,242821,1333,549
YunaiV/ruoyi-vue-pro,YunaiV/ruoyi-vue-pro,33455,7213,Java,2021-01-24T03:18:25Z,2025-10-02T09:53:48Z,183914,680,213
SeleniumHQ/selenium,SeleniumHQ/selenium,33391,8597,Java,2013-01-14T21:40:56Z,2025-10-07T00:57:48Z,2303423,10990,5238
alibaba/nacos,alibaba/nacos,32111,13148,Java,2018-06-15T06:49:27Z,2025-09-30T09:52:03Z,66535,9236,4473
binarywang/WxJava,binarywang/WxJava,31984,8982,Java,2016-01-06T08:24:05Z,2025-10-03T17:47:54Z,18825,2388,1323
apache/kafka,apache/kafka,31033,14699,Java,2011-08-15T18:06:16Z,2025-10-06T18:59:51Z,260384,0,20639
ityouknow/spring-boot-examples,ityouknow/spring-boot-examples,30614,12338,Java,2016-11-05T05:32:33Z,2023-11-18T16:32:16Z,1074,109,55
conductor-oss/conductor,conductor-oss/conductor,30203,738,Java,2023-12-08T06:06:09Z,2025-10-05T16:44:42Z,29592,163,381
chinabugotech/hutool,chinabugotech/hutool,30099,7664,Java,2014-04-13T07:23:51Z,2025-10-04T09:37:26Z,70673,3019,996
keycloak/keycloak,keycloak/keycloak,29967,7684,Java,2013-07-02T13:38:51Z,2025-10-07T01:10:19Z,556424,15770,21424
apolloconfig/apollo,apolloconfig/apollo,29677,10223,Java,2016-03-04T10:24:23Z,2025-10-03T06:47:10Z,56702,3361,1797
alibaba/canal,alibaba/canal,29402,7673,Java,2013-01-13T10:59:52Z,2025-08-06T02:18:43Z,24182,4739,714
xuxueli/xxl-job,xuxueli/xxl-job,29384,11325,Java,2015-11-28T12:59:34Z,2025-09-30T15:24:05Z,37859,3259,551
wuyouzhuguli/SpringAll,wuyouzhuguli/SpringAll,28969,8176,Java,2018-05-02T02:48:44Z,2024-05-31T14:56:35Z,1069,48,26
alibaba/spring-cloud-alibaba,alibaba/spring-cloud-alibaba,28786,8472,Java,2017-12-01T20:49:15Z,2025-09-30T02:53:28Z,55817,2512,1530
alibaba/druid,alibaba/druid,28196,8601,Java,2011-11-03T05:12:51Z,2025-09-22T05:30:35Z,91729,4552,1947
lenve/vhr,lenve/vhr,27974,10302,Java,2018-01-04T08:57:51Z,2024-11-25T00:07:39Z,8480,254,80
DrKLO/Telegram,DrKLO/Telegram,27649,8976,Java,2013-10-25T14:08:10Z,2025-09-01T15:28:03Z,602045,0,721
crossoverJie/JCSprout,crossoverJie/JCSprout,27066,7040,Java,2017-12-17T09:06:50Z,2024-05-21T02:46:20Z,1191,89,114
qiurunze123/miaosha,qiurunze123/miaosha,26526,6634,Java,2018-09-14T04:36:24Z,2025-04-18T06:23:43Z,65716,83,71
ashishps1/awesome-system-design-resources,ashishps1/awesome-system-design-resources,26559,6248,Java,2023-10-25T01:50:42Z,2025-09-28T05:34:55Z,2250,27,11
apache/incubator-seata,apache/incubator-seata,25840,8875,Java,2018-12-28T08:37:22Z,2025-10-06T06:08:24Z,28772,4193,3367
alibaba/fastjson,alibaba/fastjson,25747,6474,Java,2011-11-03T06:58:52Z,2024-07-16T07:35:37Z,15513,3630,870
hollischuang/toBeTopJavaer,hollischuang/toBeTopJavaer,25478,5434,Java,2018-10-25T09:54:54Z,2024-01-03T13:58:24Z,8004,129,74
JakeWharton/butterknife,JakeWharton/butterknife,25472,4580,Java,2013-03-05T08:18:59Z,2023-09-02T07:41:30Z,3909,1193,491
apache/flink,apache/flink,25336,13805,Java,2014-06-07T07:00:10Z,2025-10-06T17:32:12Z,531139,0,27071
scwang90/SmartRefreshLayout,scwang90/SmartRefreshLayout,25160,4974,Java,2017-06-02T09:52:50Z,2024-12-04T12:28:17Z,274026,1568,30
OpenAPITools/openapi-generator,OpenAPITools/openapi-generator,24986,7208,Java,2018-05-12T09:57:56Z,2025-10-06T23:05:32Z,933455,9388,12575
Anuken/Mindustry,Anuken/Mindustry,24953,3187,Java,2017-04-30T01:24:29Z,2025-10-06T12:25:12Z,1879371,4974,6182
proxyee-down-org/proxyee-down,proxyee-down-org/proxyee-down,24860,4400,Java,2017-10-25T10:07:27Z,2024-07-16T09:22:28Z,26864,0,37
greenrobot/EventBus,greenrobot/EventBus,24761,4668,Java,2012-07-16T16:55:40Z,2024-02-21T18:18:34Z,1742,590,134
yuliskov/SmartTube,yuliskov/SmartTube,24775,1329,Java,2020-07-28T12:53:52Z,2025-10-06T17:34:16Z,100671,3395,1468
bazelbuild/bazel,bazelbuild/bazel,24618,4308,Java,2014-06-12T16:00:38Z,2025-10-07T00:32:53Z,981880,15465,10535
apache/skywalking,apache/skywalking,24541,6620,Java,2015-11-07T03:30:36Z,2025-10-01T14:00:36Z,173427,5643,5511
jenkinsci/jenkins,jenkinsci/jenkins,24505,9151,Java,2010-11-22T21:21:23Z,2025-10-06T21:50:18Z,168057,0,11121
Netflix/Hystrix,Netflix/Hystrix,24410,4714,Java,2012-11-19T20:14:46Z,2023-10-17T13:04:47Z,9799,1039,814
libgdx/libgdx,libgdx/libgdx,24401,6508,Java,2012-08-10T19:34:38Z,2025-10-03T16:43:09Z,1106479,3831,3832
CodePhiliaX/Chat2DB,CodePhiliaX/Chat2DB,24347,2645,Java,2023-06-20T14:05:26Z,2025-09-12T03:58:17Z,18843,0,507
google/gson,google/gson,24130,4359,Java,2015-03-19T18:21:20Z,2025-10-06T22:00:05Z,13759,1648,1168
redisson/redisson,redisson/redisson,24053,5474,Java,2014-01-11T14:06:25Z,2025-10-06T04:16:38Z,31921,5624,1030
iBotPeaches/Apktool,iBotPeaches/Apktool,23060,3824,Java,2012-03-19T17:46:53Z,2025-10-06T10:30:28Z,332945,2966,760
doocs/source-code-hunter,doocs/source-code-hunter,22980,4224,Java,2019-10-28T01:35:10Z,2025-10-01T00:36:49Z,103523,35,141
alibaba/Sentinel,alibaba/Sentinel,22928,8137,Java,2018-04-04T06:37:33Z,2025-09-30T07:08:50Z,8393,2325,1117
EnterpriseQualityCoding/FizzBuzzEnterpriseEdition,EnterpriseQualityCoding/FizzBuzzEnterpriseEdition,22815,778,Java,2012-11-24T00:14:41Z,2024-07-15T08:04:08Z,340,603,141
apache/rocketmq,apache/rocketmq,22141,11959,Java,2016-11-30T08:00:08Z,2025-09-30T17:22:05Z,44358,4711,4532
dataease/dataease,dataease/dataease,22009,3813,Java,2021-02-02T04:10:21Z,2025-09-30T03:31:49Z,317192,6805,10312
kestra-io/kestra,kestra-io/kestra,22202,1996,Java,2019-08-24T13:56:15Z,2025-10-06T21:04:36Z,75912,4396,7136
google/ExoPlayer,google/ExoPlayer,21876,6044,Java,2014-06-13T21:19:18Z,2024-08-07T18:54:48Z,484242,10142,1196
openjdk/jdk,openjdk/jdk,21831,6258,Java,2018-09-17T12:29:20Z,2025-10-07T00:56:34Z,1371078,0,27629
elunez/eladmin,elunez/eladmin,21801,7394,Java,2018-12-14T08:54:24Z,2025-07-03T06:38:35Z,7461,697,181
LSPosed/LSPosed,LSPosed/LSPosed,21693,3838,Java,2020-12-12T08:39:37Z,2025-03-04T21:28:36Z,21605,0,1799
CarGuo/GSYVideoPlayer,CarGuo/GSYVideoPlayer,21145,4297,Java,2016-11-13T12:34:31Z,2025-09-12T07:41:23Z,338373,3878,69
oracle/graal,oracle/graal,21136,1747,Java,2016-01-14T17:11:35Z,2025-10-06T23:55:06Z,461401,4479,7522
kunal-kushwaha/DSA-Bootcamp-Java,kunal-kushwaha/DSA-Bootcamp-Java,20846,12655,Java,2021-07-30T12:23:25Z,2024-08-18T08:21:57Z,101640,356,1192
brettwooldridge/HikariCP,brettwooldridge/HikariCP,20748,3001,Java,2013-10-08T05:43:03Z,2025-09-12T18:29:08Z,5027,1900,451
apache/shardingsphere,apache/shardingsphere,20477,6845,Java,2016-01-18T12:49:26Z,2025-10-06T14:27:46Z,675022,11709,24799
didi/DoKit,didi/DoKit,20392,3185,Java,2018-08-14T10:32:07Z,2025-08-12T11:43:04Z,58616,728,468
mybatis/mybatis-3,mybatis/mybatis-3,20247,12964,Java,2013-02-14T19:03:32Z,2025-10-06T00:24:20Z,158347,1372,2116
ReactiveX/RxAndroid,ReactiveX/RxAndroid,20143,2950,Java,2014-08-19T03:46:38Z,2025-10-02T11:23:59Z,1054,352,248
xiaojieonly/Ehviewer_CN_SXJ,xiaojieonly/Ehviewer_CN_SXJ,20036,534,Java,2020-11-09T06:14:31Z,2025-10-06T07:21:34Z,13667,2020,51
linlinjava/litemall,linlinjava/litemall,19951,7335,Java,2018-03-22T16:42:30Z,2025-10-05T15:18:32Z,24604,372,188
yudaocode/SpringBoot-Labs,yudaocode/SpringBoot-Labs,19895,6152,Java,2018-09-12T14:51:46Z,2024-04-28T06:20:25Z,1813,45,37
thingsboard/thingsboard,thingsboard/thingsboard,19822,5819,Java,2016-12-01T09:33:30Z,2025-10-06T14:46:54Z,309253,7647,6332
JetBrains/intellij-community,JetBrains/intellij-community,18978,5566,Java,2011-09-30T13:33:05Z,2025-10-07T01:05:21Z,5459069,0,3177
dianping/cat,dianping/cat,18940,5443,Java,2012-12-05T02:31:48Z,2025-01-04T10:23:47Z,114117,1280,1085
Baseflow/PhotoView,Baseflow/PhotoView,18877,3932,Java,2012-07-17T16:39:00Z,2022-03-25T09:53:49Z,16896,684,156
